<?xml version="1.0" encoding="UTF-8"?>
<launch4jConfig>
  <dontWrapJar>false</dontWrapJar>
  <headerType>gui</headerType>
  <jar>C:\Users\code5_ceo\OneDrive\Desktop\pass\note\Notepad\target\notepad-1.0-SNAPSHOT.jar</jar>
  <outfile>C:\Users\code5_ceo\OneDrive\Desktop\code.exe</outfile>
  <errTitle></errTitle>
  <cmdLine></cmdLine>
  <chdir>.</chdir>
  <priority>normal</priority>
  <downloadUrl></downloadUrl>
  <supportUrl></supportUrl>
  <stayAlive>false</stayAlive>
  <restartOnCrash>false</restartOnCrash>
  <manifest></manifest>
  <icon>C:\Users\code5_ceo\Downloads\WhatsApp Image 2024-12-05 at 11.45.21_263e23ae (1).ico</icon>
  <jre>
    <path>%JAVA_HOME%;%PATH%</path>
    <requiresJdk>false</requiresJdk>
    <requires64Bit>false</requires64Bit>
    <minVersion>1.4.0</minVersion>
    <maxVersion></maxVersion>
  </jre>
</launch4jConfig>